Workbook

Sheet 사용안내
B2: 인바디 기록 관리표 - 사용 안내
B4: 1. '인바디기록' 시트의 노란색 칸에만 값을 입력하세요. (4행은 입력 예시입니다 - 지우고 사용)
B5: 2. 측정일은 위에서부터 순서대로 채우면 되고, 순서가 뒤바뀌어도 요약/그래프는 정상 동작합니다.
B6: 3. '요약' 시트와 '그래프' 시트는 수식/자동 연결이라 따로 손댈 필요가 없습니다.
B7: 4. 기본 100회분(4~103행)까지 준비되어 있습니다.
B8: 5. 값이 비어 있는 항목은 그래프에서 그냥 건너뜁니다. 측정 안 한 항목은 비워두세요.
B10: 항목 설명
B11: 항목 | C11: 단위 | D11: 설명
B12: 측정일 | C12: - | D12: 인바디를 측정한 날짜
B13: 체중 | C13: kg | D13: 인바디 결과지의 체중
B14: 골격근량 | C14: kg | D14: SMM(골격근량). 근육량과 다른 항목이므로 주의
B15: 체지방량 | C15: kg | D15: 체지방의 무게
B16: 체지방률 | C16: % | D16: 퍼센트 숫자만 입력 (예: 21.6)
B17: 내장지방 | C17: 레벨 | D17: 내장지방 레벨 (보통 1~20). 장비에 따라 면적(cm2)이면 그대로 입력
B18: 복부지방률 | C18: WHR | D18: 허리-엉덩이 둘레 비율(WHR). 예: 0.86
B19: 신체발달점수 | C19: 점 | D19: 인바디 점수 (보통 100점 만점)
B20: 기초대사량 | C20: kcal | D20: BMR
B21: 가슴 | C21: cm | D21: 겉둘레 - 가슴
B22: 복부 | C22: cm | D22: 겉둘레 - 복부(배꼽 기준)
... B28: 엉덩이 | C28: cm | D28: 겉둘레 - 엉덩이
B30: ※ 체지방률은 % 기호 없이 숫자만(21.6), 복부지방률은 WHR 값(0.86)으로 입력합니다.
B31: ※ 예시 행의 값은 형식을 보여주기 위한 임의의 값이며 실제 측정치가 아닙니다.

Sheet 인바디기록
A1: 인바디 측정 기록
A2: 노란색 칸에 측정값을 입력하세요. (4행은 예시 - 삭제 후 사용) | J2: 부위별 근육발달 (겉둘레, cm)
A3: 측정일 | B3: 체중(kg) | C3: 골격근량(kg) | D3: 체지방량(kg) | E3: 체지방률(%) | F3: 내장지방(레벨) | G3: 복부지방률(WHR) | H3: 신체발달점수(점) | I3: 기초대사량(kcal) | J3: 가슴(cm) | K3: 복부(cm) | L3: 오른팔(cm) | M3: 왼팔(cm) | N3: 오른허벅지(cm) | O3: 왼허벅지(cm) | P3: 목(cm) | Q3: 엉덩이(cm)
A4: 46027 | B4: 68.4 | C4: 31.2 | D4: 14.8 | E4: 21.6 | F4: 7 | G4: 0.86 | H4: 78 | I4: 1580 | J4: 98.5 | K4: 84 | L4: 32.5 | M4: 32.1 | N4: 54.2 | O4: 53.8 | P4: 37.4 | Q4: 97.6

Sheet 요약
A1: 항목별 요약
A2: '인바디기록' 시트에 값을 넣으면 자동으로 계산됩니다. (변화량 = 최근값 - 최초값)
A3: 항목 | B3: 단위 | C3: 최초 기록 | D3: 최근 기록 | E3: 변화량 | F3: 최소 | G3: 최대 | H3: 평균 | I3: 기록 횟수
A4: 체중 | B4: kg | C4: =IFERROR(INDEX('인바디기록'!$B$4:$B$103,MATCH(MIN('인바디기록'!$A$4:$A$103),'인바디기록'!$A$4:$A$103,0)),"") | D4: =IFERROR(INDEX('인바디기록'!$B$4:$B$103,MATCH(MAX('인바디기록'!$A$4:$A$103),'인바디기록'!$A$4:$A$103,0)),"") | E4: =IF(OR(C4="",D4=""),"",D4-C4) | F4: =IF(COUNT('인바디기록'!$B$4:$B$103)=0,"",MIN('인바디기록'!$B$4:$B$103)) | G4: =IF(COUNT('인바디기록'!$B$4:$B$103)=0,"",MAX('인바디기록'!$B$4:$B$103)) | H4: =IF(COUNT('인바디기록'!$B$4:$B$103)=0,"",AVERAGE('인바디기록'!$B$4:$B$103)) | I4: =COUNT('인바디기록'!$B$4:$B$103)
A5: 골격근량 | B5: kg | C5: =IFERROR(INDEX('인바디기록'!$C$4:$C$103,MATCH(MIN('인바디기록'!$A$4:$A$103),'인바디기록'!$A$4:$A$103,0)),"") | D5: =IFERROR(INDEX('인바디기록'!$C$4:$C$103,MATCH(MAX('인바디기록'!$A$4:$A$103),'인바디기록'!$A$4:$A$103,0)),"") | E5: =IF(OR(C5="",D5=""),"",D5-C5) | F5: =IF(COUNT('인바디기록'!$C$4:$C$103)=0,"",MIN('인바디기록'!$C$4:$C$103)) | G5: =IF(COUNT('인바디기록'!$C$4:$C$103)=0,"",MAX('인바디기록'!$C$4:$C$103)) | H5: =IF(COUNT('인바디기록'!$C$4:$C$103)=0,"",AVERAGE('인바디기록'!$C$4:$C$103)) | I5: =COUNT('인바디기록'!$C$4:$C$103)
A6: 체지방량 | B6: kg | C6: =IFERROR(INDEX('인바디기록'!$D$4:$D$103,MATCH(MIN('인바디기록'!$A$4:$A$103),'인바디기록'!$A$4:$A$103,0)),"") | D6: =IFERROR(INDEX('인바디기록'!$D$4:$D$103,MATCH(MAX('인바디기록'!$A$4:$A$103),'인바디기록'!$A$4:$A$103,0)),"") | E6: =IF(OR(C6="",D6=""),"",D6-C6) | F6: =IF(COUNT('인바디기록'!$D$4:$D$103)=0,"",MIN('인바디기록'!$D$4:$D$103)) | G6: =IF(COUNT('인바디기록'!$D$4:$D$103)=0,"",MAX('인바디기록'!$D$4:$D$103)) | H6: =IF(COUNT('인바디기록'!$D$4:$D$103)=0,"",AVERAGE('인바디기록'!$D$4:$D$103)) | I6: =COUNT('인바디기록'!$D$4:$D$103)
A7: 체지방률 | B7: % | C7: =IFERROR(INDEX('인바디기록'!$E$4:$E$103,MATCH(MIN('인바디기록'!$A$4:$A$103),'인바디기록'!$A$4:$A$103,0)),"") | D7: =IFERROR(INDEX('인바디기록'!$E$4:$E$103,MATCH(MAX('인바디기록'!$A$4:$A$103),'인바디기록'!$A$4:$A$103,0)),"") | E7: =IF(OR(C7="",D7=""),"",D7-C7) | F7: =IF(COUNT('인바디기록'!$E$4:$E$103)=0,"",MIN('인바디기록'!$E$4:$E$103)) | G7: =IF(COUNT('인바디기록'!$E$4:$E$103)=0,"",MAX('인바디기록'!$E$4:$E$103)) | H7: =IF(COUNT('인바디기록'!$E$4:$E$103)=0,"",AVERAGE('인바디기록'!$E$4:$E$103)) | I7: =COUNT('인바디기록'!$E$4:$E$103)
A8: 내장지방 | B8: 레벨 | C8: =IFERROR(INDEX('인바디기록'!$F$4:$F$103,MATCH(MIN('인바디기록'!$A$4:$A$103),'인바디기록'!$A$4:$A$103,0)),"") | D8: =IFERROR(INDEX('인바디기록'!$F$4:$F$103,MATCH(MAX('인바디기록'!$A$4:$A$103),'인바디기록'!$A$4:$A$103,0)),"") | E8: =IF(OR(C8="",D8=""),"",D8-C8) | F8: =IF(COUNT('인바디기록'!$F$4:$F$103)=0,"",MIN('인바디기록'!$F$4:$F$103)) | G8: =IF(COUNT('인바디기록'!$F$4:$F$103)=0,"",MAX('인바디기록'!$F$4:$F$103)) | H8: =IF(COUNT('인바디기록'!$F$4:$F$103)=0,"",AVERAGE('인바디기록'!$F$4:$F$103)) | I8: =COUNT('인바디기록'!$F$4:$F$103)
A9: 복부지방률 | B9: WHR | C9: =IFERROR(INDEX('인바디기록'!$G$4:$G$103,MATCH(MIN('인바디기록'!$A$4:$A$103),'인바디기록'!$A$4:$A$103,0)),"") | D9: =IFERROR(INDEX('인바디기록'!$G$4:$G$103,MATCH(MAX('인바디기록'!$A$4:$A$103),'인바디기록'!$A$4:$A$103,0)),"") | E9: =IF(OR(C9="",D9=""),"",D9-C9) | F9: =IF(COUNT('인바디기록'!$G$4:$G$103)=0,"",MIN('인바디기록'!$G$4:$G$103)) | G9: =IF(COUNT('인바디기록'!$G$4:$G$103)=0,"",MAX('인바디기록'!$G$4:$G$103)) | H9: =IF(COUNT('인바디기록'!$G$4:$G$103)=0,"",AVERAGE('인바디기록'!$G$4:$G$103)) | I9: =COUNT('인바디기록'!$G$4:$G$103)
A10: 신체발달점수 | B10: 점 | C10: =IFERROR(INDEX('인바디기록'!$H$4:$H$103,MATCH(MIN('인바디기록'!$A$4:$A$103),'인바디기록'!$A$4:$A$103,0)),"") | D10: =IFERROR(INDEX('인바디기록'!$H$4:$H$103,MATCH(MAX('인바디기록'!$A$4:$A$103),'인바디기록'!$A$4:$A$103,0)),"") | E10: =IF(OR(C10="",D10=""),"",D10-C10) | F10: =IF(COUNT('인바디기록'!$H$4:$H$103)=0,"",MIN('인바디기록'!$H$4:$H$103)) | G10: =IF(COUNT('인바디기록'!$H$4:$H$103)=0,"",MAX('인바디기록'!$H$4:$H$103)) | H10: =IF(COUNT('인바디기록'!$H$4:$H$103)=0,"",AVERAGE('인바디기록'!$H$4:$H$103)) | I10: =COUNT('인바디기록'!$H$4:$H$103)
A11: 기초대사량 | B11: kcal | C11: =IFERROR(INDEX('인바디기록'!$I$4:$I$103,MATCH(MIN('인바디기록'!$A$4:$A$103),'인바디기록'!$A$4:$A$103,0)),"") | D11: =IFERROR(INDEX('인바디기록'!$I$4:$I$103,MATCH(MAX('인바디기록'!$A$4:$A$103),'인바디기록'!$A$4:$A$103,0)),"") | E11: =IF(OR(C11="",D11=""),"",D11-C11) | F11: =IF(COUNT('인바디기록'!$I$4:$I$103)=0,"",MIN('인바디기록'!$I$4:$I$103)) | G11: =IF(COUNT('인바디기록'!$I$4:$I$103)=0,"",MAX('인바디기록'!$I$4:$I$103)) | H11: =IF(COUNT('인바디기록'!$I$4:$I$103)=0,"",AVERAGE('인바디기록'!$I$4:$I$103)) | I11: =COUNT('인바디기록'!$I$4:$I$103)
A12: 가슴 (겉둘레) | B12: cm | C12: =IFERROR(INDEX('인바디기록'!$J$4:$J$103,MATCH(MIN('인바디기록'!$A$4:$A$103),'인바디기록'!$A$4:$A$103,0)),"") | D12: =IFERROR(INDEX('인바디기록'!$J$4:$J$103,MATCH(MAX('인바디기록'!$A$4:$A$103),'인바디기록'!$A$4:$A$103,0)),"") | E12: =IF(OR(C12="",D12=""),"",D12-C12) | F12: =IF(COUNT('인바디기록'!$J$4:$J$103)=0,"",MIN('인바디기록'!$J$4:$J$103)) | G12: =IF(COUNT('인바디기록'!$J$4:$J$103)=0,"",MAX('인바디기록'!$J$4:$J$103)) | H12: =IF(COUNT('인바디기록'!$J$4:$J$103)=0,"",AVERAGE('인바디기록'!$J$4:$J$103)) | I12: =COUNT('인바디기록'!$J$4:$J$103)
A13: 복부 | B13: cm | C13: =IFERROR(INDEX('인바디기록'!$K$4:$K$103,MATCH(MIN('인바디기록'!$A$4:$A$103),'인바디기록'!$A$4:$A$103,0)),"") | D13: =IFERROR(INDEX('인바디기록'!$K$4:$K$103,MATCH(MAX('인바디기록'!$A$4:$A$103),'인바디기록'!$A$4:$A$103,0)),"") | E13: =IF(OR(C13="",D13=""),"",D13-C13) | F13: =IF(COUNT('인바디기록'!$K$4:$K$103)=0,"",MIN('인바디기록'!$K$4:$K$103)) | G13: =IF(COUNT('인바디기록'!$K$4:$K$103)=0,"",MAX('인바디기록'!$K$4:$K$103)) | H13: =IF(COUNT('인바디기록'!$K$4:$K$103)=0,"",AVERAGE('인바디기록'!$K$4:$K$103)) | I13: =COUNT('인바디기록'!$K$4:$K$103)
A14: 오른팔 | B14: cm | C14: =IFERROR(INDEX('인바디기록'!$L$4:$L$103,MATCH(MIN('인바디기록'!$A$4:$A$103),'인바디기록'!$A$4:$A$103,0)),"") | D14: =IFERROR(INDEX('인바디기록'!$L$4:$L$103,MATCH(MAX('인바디기록'!$A$4:$A$103),'인바디기록'!$A$4:$A$103,0)),"") | E14: =IF(OR(C14="",D14=""),"",D14-C14) | F14: =IF(COUNT('인바디기록'!$L$4:$L$103)=0,"",MIN('인바디기록'!$L$4:$L$103)) | G14: =IF(COUNT('인바디기록'!$L$4:$L$103)=0,"",MAX('인바디기록'!$L$4:$L$103)) | H14: =IF(COUNT('인바디기록'!$L$4:$L$103)=0,"",AVERAGE('인바디기록'!$L$4:$L$103)) | I14: =COUNT('인바디기록'!$L$4:$L$103)
A15: 왼팔 | B15: cm | C15: =IFERROR(INDEX('인바디기록'!$M$4:$M$103,MATCH(MIN('인바디기록'!$A$4:$A$103),'인바디기록'!$A$4:$A$103,0)),"") | D15: =IFERROR(INDEX('인바디기록'!$M$4:$M$103,MATCH(MAX('인바디기록'!$A$4:$A$103),'인바디기록'!$A$4:$A$103,0)),"") | E15: =IF(OR(C15="",D15=""),"",D15-C15) | F15: =IF(COUNT('인바디기록'!$M$4:$M$103)=0,"",MIN('인바디기록'!$M$4:$M$103)) | G15: =IF(COUNT('인바디기록'!$M$4:$M$103)=0,"",MAX('인바디기록'!$M$4:$M$103)) | H15: =IF(COUNT('인바디기록'!$M$4:$M$103)=0,"",AVERAGE('인바디기록'!$M$4:$M$103)) | I15: =COUNT('인바디기록'!$M$4:$M$103)
A16: 오른허벅지 | B16: cm | C16: =IFERROR(INDEX('인바디기록'!$N$4:$N$103,MATCH(MIN('인바디기록'!$A$4:$A$103),'인바디기록'!$A$4:$A$103,0)),"") | D16: =IFERROR(INDEX('인바디기록'!$N$4:$N$103,MATCH(MAX('인바디기록'!$A$4:$A$103),'인바디기록'!$A$4:$A$103,0)),"") | E16: =IF(OR(C16="",D16=""),"",D16-C16) | F16: =IF(COUNT('인바디기록'!$N$4:$N$103)=0,"",MIN('인바디기록'!$N$4:$N$103)) | G16: =IF(COUNT('인바디기록'!$N$4:$N$103)=0,"",MAX('인바디기록'!$N$4:$N$103)) | H16: =IF(COUNT('인바디기록'!$N$4:$N$103)=0,"",AVERAGE('인바디기록'!$N$4:$N$103)) | I16: =COUNT('인바디기록'!$N$4:$N$103)
A17: 왼허벅지 | B17: cm | C17: =IFERROR(INDEX('인바디기록'!$O$4:$O$103,MATCH(MIN('인바디기록'!$A$4:$A$103),'인바디기록'!$A$4:$A$103,0)),"") | D17: =IFERROR(INDEX('인바디기록'!$O$4:$O$103,MATCH(MAX('인바디기록'!$A$4:$A$103),'인바디기록'!$A$4:$A$103,0)),"") | E17: =IF(OR(C17="",D17=""),"",D17-C17) | F17: =IF(COUNT('인바디기록'!$O$4:$O$103)=0,"",MIN('인바디기록'!$O$4:$O$103)) | G17: =IF(COUNT('인바디기록'!$O$4:$O$103)=0,"",MAX('인바디기록'!$O$4:$O$103)) | H17: =IF(COUNT('인바디기록'!$O$4:$O$103)=0,"",AVERAGE('인바디기록'!$O$4:$O$103)) | I17: =COUNT('인바디기록'!$O$4:$O$103)
A18: 목 | B18: cm | C18: =IFERROR(INDEX('인바디기록'!$P$4:$P$103,MATCH(MIN('인바디기록'!$A$4:$A$103),'인바디기록'!$A$4:$A$103,0)),"") | D18: =IFERROR(INDEX('인바디기록'!$P$4:$P$103,MATCH(MAX('인바디기록'!$A$4:$A$103),'인바디기록'!$A$4:$A$103,0)),"") | E18: =IF(OR(C18="",D18=""),"",D18-C18) | F18: =IF(COUNT('인바디기록'!$P$4:$P$103)=0,"",MIN('인바디기록'!$P$4:$P$103)) | G18: =IF(COUNT('인바디기록'!$P$4:$P$103)=0,"",MAX('인바디기록'!$P$4:$P$103)) | H18: =IF(COUNT('인바디기록'!$P$4:$P$103)=0,"",AVERAGE('인바디기록'!$P$4:$P$103)) | I18: =COUNT('인바디기록'!$P$4:$P$103)
A19: 엉덩이 | B19: cm | C19: =IFERROR(INDEX('인바디기록'!$Q$4:$Q$103,MATCH(MIN('인바디기록'!$A$4:$A$103),'인바디기록'!$A$4:$A$103,0)),"") | D19: =IFERROR(INDEX('인바디기록'!$Q$4:$Q$103,MATCH(MAX('인바디기록'!$A$4:$A$103),'인바디기록'!$A$4:$A$103,0)),"") | E19: =IF(OR(C19="",D19=""),"",D19-C19) | F19: =IF(COUNT('인바디기록'!$Q$4:$Q$103)=0,"",MIN('인바디기록'!$Q$4:$Q$103)) | G19: =IF(COUNT('인바디기록'!$Q$4:$Q$103)=0,"",MAX('인바디기록'!$Q$4:$Q$103)) | H19: =IF(COUNT('인바디기록'!$Q$4:$Q$103)=0,"",AVERAGE('인바디기록'!$Q$4:$Q$103)) | I19: =COUNT('인바디기록'!$Q$4:$Q$103)
A21: ※ 최초/최근 기록은 '측정일'이 가장 이른 행과 가장 늦은 행의 값입니다. 측정일이 비어 있으면 계산되지 않습니다.

Sheet 그래프
A1: 항목별 추이 그래프
A2: '인바디기록' 시트에 값을 입력하면 그래프가 자동으로 그려집니다.
